gid,dollars_per_acre
62,0.00000000000000000000
108,5578.6032268106818882
448,0.00000000000000000000
609,3732.8029877776429761
968,29683.9550618696231
1644,0.00000000000000000000
909,0.00000000000000000000
200,0.00000000000000000000
3518,6609.3027397351568697
1487,32479.6625697927464
2097,0.00000000000000000000
1982,10928.7644690963362
15,0.00000000000000000000
21,0.00000000000000000000
947,0.00000000000000000000
675,529.1093037791268071
246,0.00000000000000000000
883,170681.8456186400555
2414,0.00000000000000000000
2114,0.00000000000000000000
219,0.00000000000000000000
970,828.0632487981968724
1036,117013.9006921672107
2877,1125.6458762960652245
3367,0.00000000000000000000
2775,656.4841427679387855
2100,0.00000000000000000000
2774,0.00000000000000000000
1459,1079.8416604204339343
2083,2795.2852969847136219
2269,0.00000000000000000000
2067,0.00000000000000000000
2292,0.00000000000000000000
3919,0.00000000000000000000
762,31022.7301382034335
3526,6226.3811697112966112
3595,16201.0769826230130
1042,8085.2676637101930989
69,343032.88358748127445
316,24151.2433760015506
1069,363.5953050664871461
3300,39.4385082217993975
3724,0.00000000000000000000
1486,0.00000000000000000000
3219,0.00000000000000000000
553,15018.9970116548432
729,0.00000000000000000000
1819,25104.2060850620823
2690,122.6000229727220126
3962,628.6842193347078804
45,2221.6913617337776899
2504,0.00000000000000000000
635,312350.236980660742
666,0.00000000000000000000
3660,0.00000000000000000000
678,0.00000000000000000000
1948,42958.3620985677927
884,260719.7743476011666
171,607.1886334926512540
204,291173.25540577748431
251,26633.8706111154428
255,467.7786795148941900
1992,0.00000000000000000000
1032,73548.4765147708854
348,4936.0296959954200126
3058,36607.1930738085242
921,0.00000000000000000000
29,0.00000000000000000000
1753,1002.4075598620318434
2115,81266.654486873572
1791,0.00000000000000000000
192,12612.3410740847828
3967,3224.5748207734192320
3958,137336.2525323868646
388,20678.9160969196862
1995,81019.8186727653240
2065,28380.9687966977933
2796,0.00000000000000000000
198,2036003.6942653063998
769,418.8023343969159069
241,7414.7577738191765216
237,2147.2735053271892379
1029,135108.2380581805864
322,0.00000000000000000000
1067,2432.1388734225537305
2770,0.00000000000000000000
2256,102830.64775591417200
3044,7295.0390917737410995
2523,5180.1728835770069930
2524,0.00000000000000000000
2754,8926.7846639084924218
2795,0.00000000000000000000
2837,759.7017828848528883
756,11423.3585761527839
3045,0.00000000000000000000
1030,172113.3544504861430
2220,159.7069053685717654
804,14897.910763025450
875,85744.9457111500509
2408,397.3340419260202433
2425,0.00000000000000000000
2497,198.0203746429814659
2603,0.00000000000000000000
2629,4513.8515347665393401
2665,0.00000000000000000000
395,11703.5147588750456
1018,11519.7762083825032
949,191153.8390770007875
3853,5833.4828291111731845
2069,0.00000000000000000000
2953,0.00000000000000000000
1448,24585.6332458669697
1095,201782.7665171356576
2071,985.1092435196994246
2085,0.00000000000000000000
1108,14024.2148909447071
2285,5871.0399309345807701
1176,57708.0689780050018
1307,136245.8140013386148
1205,12381213.79052686267795
2299,26086.9052895400171
2594,0.00000000000000000000
2104,0.00000000000000000000
1621,0.00000000000000000000
1686,56898.7712044226266
1749,54839.4211737846667
1763,11650.0850605853638
1690,0.00000000000000000000
1829,2131.9931936860818229
1046,26021.5924809388941
1839,5892.1538264317660473
2059,0.00000000000000000000
1937,89428.6382870175011
3225,0.00000000000000000000
2958,0.00000000000000000000
3506,2352.0193990159645016
2810,10014.438007179813
1945,12683.2805571190596
2303,7228.4010483087760265
2605,0.00000000000000000000
2073,15564.3830385228994
2390,0.00000000000000000000
2952,0.00000000000000000000
257,0.00000000000000000000
2230,16381.8776769100796
2258,4620.8401674731424053
2245,545.7437671071500655
2255,3672.0846252706371247
2886,30673.782623250781
2092,0.00000000000000000000
2405,2212.9790886569025089
2397,66.0328903951878812
2521,0.00000000000000000000
2518,19830.3770687267175
2543,141.0370437084236928
2593,9807.0723115058007754
2545,11787.6282885538733
1175,0.00000000000000000000
2606,0.00000000000000000000
1178,0.00000000000000000000
1590,139239.8513778379179
3663,8643.6039187152612298
818,46864.1033523530619
2238,0.00000000000000000000
3717,85.0049920479236005
3709,65073.0970450372459
346,80017.5148508695309
467,88838.417909524184
505,138367.6402130443303
540,22989.2238293817440
612,51954.2515420970717
2216,0.00000000000000000000
659,98040.037399553394
1787,138052.4537000726677
50,0.00000000000000000000
1103,30748.033029503716
1104,1439.5196158024596523
1162,0.00000000000000000000
1184,52270.626170636066
2792,1717.3482523013154677
350,5962.7088389017695987
1797,316.4701167426615171
2066,313894.8993252339736
2416,0.00000000000000000000
295,5374.3614334929207745
1996,10323.5486847853118
2417,690.8966661369214559
1649,0.00000000000000000000
194,42997.877940292935
191,0.00000000000000000000
684,0.00000000000000000000
342,0.00000000000000000000
3897,2108.4069801796027066
2268,0.00000000000000000000
966,116229.9249764865017
627,41923.818754880413
673,0.00000000000000000000
665,0.00000000000000000000
2668,16.8028684130048080
2794,0.00000000000000000000
2696,0.00000000000000000000
2064,33004.8782525890011
1460,534.0660797203757255
71,0.00000000000000000000
491,0.00000000000000000000
2420,0.00000000000000000000
2107,0.00000000000000000000
2973,3720.9937481947047423
23,0.00000000000000000000
1793,777.6846288217438728
1642,0.00000000000000000000
1491,0.00000000000000000000
2266,0.00000000000000000000
766,7272428.49410455713407
2093,0.00000000000000000000
2528,17272.2770509430879
1792,0.00000000000000000000
377,90192.2755609219976
1777,370848.101993386070
1495,26346.1003346993763
1633,0.00000000000000000000
1600,0.00000000000000000000
3695,851.0133126599966487
1210,0.00000000000000000000
174,32285.9725509233735
2772,0.00000000000000000000
296,4558.4684804809874168
811,402.2433579560874800
2611,0.00000000000000000000
2105,0.00000000000000000000
1601,46974.0746509499891
26,488.3675903502588669
56,129754.5000156877354
94,18962.9828224065691
386,1678.0452922159682340
162,132402.0657005764878
165,84119.6888976579101
167,92904.1981087135318
65,0.00000000000000000000
318,121993.7671758587449
2112,0.00000000000000000000
1040,41518.2670573483957
359,79986.7356537349473
376,12556.5404360064436
2816,0.00000000000000000000
2070,2462.9648317866360388
478,0.00000000000000000000
458,187868.2234923961051
470,80.4314882848633518
1049,6648.1853740471855914
494,0.00000000000000000000
488,19727.1750408686951
541,4529.9170904766704281
548,2791.9366707451178877
599,595156.8500901105149
592,205708.0467515711852
2526,0.00000000000000000000
626,1731795.1113047099963
2847,0.00000000000000000000
619,0.00000000000000000000
624,14245.1809886542835
629,185.8193006569405605
655,2109.6442078014960384
680,2695902.3234950185443
746,5253.3596317018422445
749,0.00000000000000000000
764,80350.473751111999
1027,76148.2076152062688
2965,0.00000000000000000000
3048,790856.1202214446097
3065,0.00000000000000000000
1017,24786.253982998161
1195,31255.1167561064416
252,33112.579005272313
3229,45099.889415246797
1057,14576.686364791903
1091,10631.6651756922423
1101,2160.8548345638951900
1770,6918.6013576827791735
1192,39142.2146688741637
1196,8213.8996711722832737
3061,16524.9342941183020
1227,77246.4536186786057
1234,5272.5709688348573015
1313,0.00000000000000000000
2620,0.00000000000000000000
1297,43864.5614045870706
3598,8165.6217741519040458
502,0.00000000000000000000
1301,53433.7400150365240
2146,74.5855955358819911
1347,855.2939293874815818
1364,1260.8702675267639732
1367,2911.3283533031428857
66,1545.1134014572860152
1444,10910.6644303286277
2262,4682.8564373829310380
1475,578.7027826595367915
1492,67117.1930905250443
1511,0.00000000000000000000
1521,0.00000000000000000000
1588,96383.1224556540082
1643,12947.20356044543012
1762,15933.4997336992726
2692,0.00000000000000000000
1789,237.0789192644666168
1891,471363.5946219723614
2047,0.00000000000000000000
2131,34378.113667878534
2153,0.00000000000000000000
2210,202792.5996008533451
2211,200390.3847054350122
2206,74689.7603943140677
2247,177213.8138906001120
2291,4059.4539546410280884
2309,864.6903415350610642
2423,0.00000000000000000000
2769,12462.8641350907784
2514,0.00000000000000000000
2522,0.00000000000000000000
2572,3514.4313659315184169
2685,10454.7280665138487
2755,4852.6636118617804137
2783,0.00000000000000000000
2878,0.00000000000000000000
2880,265.4449029104824451
3038,448.5257158550171308
2961,8772.5922313936231561
513,0.00000000000000000000
3142,940800.9873169285976
3293,2978.0652774632820849
3505,0.00000000000000000000
3510,17295.7882081587316
3520,5566.8810312707894305
2495,19951.9753592838847
239,10419.2814238891752
3572,0.00000000000000000000
3599,15841.0506977444995
3649,0.00000000000000000000
3666,0.00000000000000000000
3715,0.00000000000000000000
1466,35420.8766381897234
3783,30440.7676039284168
3774,2899.4627322201805792
3829,0.00000000000000000000
3651,0.00000000000000000000
2111,0.00000000000000000000
3812,7903.1040473709972463
3843,40993.7921722464815
3859,1339.7972772204181495
475,0.00000000000000000000
315,26095.9483349155685
3900,55564.717629168470
3924,0.00000000000000000000
3631,51474.690752982230
3653,0.00000000000000000000
2240,179.8684855490858317
3942,1725.5213003463347474
61,0.00000000000000000000
543,0.00000000000000000000
2101,0.00000000000000000000
259,1232530.1364354120687
324,0.00000000000000000000
88,0.00000000000000000000
95,0.00000000000000000000
1028,138468.5275735869478
1529,30357.9662898511181
205,0.00000000000000000000
971,67745.8358201916589
669,0.00000000000000000000
330,12259.9560555387540
2589,0.00000000000000000000
382,0.00000000000000000000
918,0.00000000000000000000
407,16079.008292105016
396,330.6287799516277023
1527,0.00000000000000000000
409,24687.541413301176
2244,0.00000000000000000000
410,21987.0205757045908
412,346843.6920652498071
444,0.00000000000000000000
912,0.00000000000000000000
1450,56971.3582743043539
474,0.00000000000000000000
492,26991.3843781097779
507,1183.3228044824820884
534,105662.502594637719
631,0.00000000000000000000
1927,0.00000000000000000000
625,13740.0830306842403
1325,52589.7057968530725
677,0.00000000000000000000
682,528.1918502023618901
734,0.00000000000000000000
800,0.00000000000000000000
745,11710.5062742679782
751,296.1069339000087806
761,3372.3000754766410291
797,30597.2064177699862
1324,47401.3092487189320
882,113889.1073472718699
245,71599.2391637605718
254,32825.354742927533
1063,0.00000000000000000000
1451,144684.8695984754280
1191,121294.2691117661859
1203,0.00000000000000000000
1771,0.00000000000000000000
1363,3689.8642220105278110
1206,22266.486727786878
1300,29724.7734201239342
1328,2039.8846018624056102
1373,19848.7325624024030
1518,0.00000000000000000000
1539,165822.3630122646153
2429,0.00000000000000000000
1637,0.00000000000000000000
1612,4748.2862050440396003
1680,0.00000000000000000000
1922,196312.1861834856208
2507,0.00000000000000000000
1531,46089.4609966354501
1794,0.00000000000000000000
1834,0.00000000000000000000
1908,13313.6884582839130
1949,0.00000000000000000000
1944,11240.7847924824666
1973,8468.6092161824381794
1994,12542.6301722129450
2140,0.00000000000000000000
2080,6109.4130054091884390
1468,0.00000000000000000000
2133,0.00000000000000000000
2160,11632.7251796850962
2149,0.00000000000000000000
2213,89254.043300190767
2226,0.00000000000000000000
2229,4020.7025587078358898
1526,107646.7644299470531
2242,8741.1723485795186568
2290,1852.6289349818764205
2284,476247.6847791030706
2427,224.8801672107114896
2398,5660.3757732481726914
2610,0.00000000000000000000
42,0.00000000000000000000
2622,451.5925482761982598
2695,0.00000000000000000000
2679,0.00000000000000000000
2680,13296.3520157416056
2698,49153.4491062895999
2699,0.00000000000000000000
2700,0.00000000000000000000
2712,370.2691910427404891
2713,0.00000000000000000000
2797,0.00000000000000000000
2871,0.00000000000000000000
3052,43739.1609307839584
3147,15980.9314710417875
3503,0.00000000000000000000
2246,30101.5878086559822
3508,2662.8871279351407306
3643,0.00000000000000000000
3716,0.00000000000000000000
3741,609887.8210592126341
3844,11478.431750750561
2963,0.00000000000000000000
3870,17879.042293389589
3872,155.3148114198416644
3901,0.00000000000000000000
5,3253.3435579636910216
20,0.00000000000000000000
1248,12948.2636373325347
1904,0.00000000000000000000
28,79944.3490785467606
35,394.1423819229618051
40,174888.8165466139909
103,353372.1416085489311
110,22182.6530815238033
146,54526.0229814188618
169,86698.2234385973834
178,11718.3536056310419
2621,11331.8515872071864
181,14786.8100396551386
297,2055.8349514007361279
243,0.00000000000000000000
1607,57118.4065837117061
313,407706.0333084672214
2409,0.00000000000000000000
319,154646.4084662146734
375,7946.8760134143278189
399,0.00000000000000000000
400,13077.0631200056399
1041,0.00000000000000000000
2595,0.00000000000000000000
450,0.00000000000000000000
464,0.00000000000000000000
1043,4028.2478665141910177
495,1656.7722236419838929
1050,0.00000000000000000000
487,136.5840707071501144
3042,0.00000000000000000000
525,254582.525130780176
944,11417.0586996832095
533,0.00000000000000000000
604,264634.8488949251298
960,0.00000000000000000000
2590,26436.114091850094
1684,0.00000000000000000000
736,30543.9366473450946
1756,0.00000000000000000000
758,56343.758524167127
763,1214090.4209536346862
791,15076.505974382902
812,67317.2086960084257
802,43803.4929419273838
885,168295.6349039674874
1597,0.00000000000000000000
806,75385.4514359071563
810,394.0409068265165442
873,0.00000000000000000000
900,2050.6643823400951313
1598,97245.6749459482622
904,4855.0548562147986740
2873,0.00000000000000000000
1115,0.00000000000000000000
1211,0.00000000000000000000
1628,777.8850863558154723
1238,178313.0786313648772
1235,1399.4092419225118729
1239,0.00000000000000000000
1295,288963.3010413222415
2091,3487.0117364615558996
1317,43281.6867189204734
1331,24188.3092091281845
1335,16252.1039294989108
3299,0.00000000000000000000
1445,396.9892578808803747
3366,0.00000000000000000000
1455,25806.705001785452
1463,23271.2849483610175
1926,70314.3396740107911
1510,22995.4387071177401
1515,24823.4067795852748
1540,691422.1493056464585
1587,24749.1396916644673
3667,10284.622116975627
1609,24833.127844203169
1696,0.00000000000000000000
1672,1166.0017139498478634
1687,0.00000000000000000000
1759,1508.3128799733512076
2301,53872.3391142980550
1742,0.00000000000000000000
2969,5867.0304545112313885
1798,3260.7531609450657156
1767,11729.6014753676000
2096,741677.0721837595013
1836,931.4993262635632727
1843,1203.9983397584765132
1895,9056.4480101002470318
1903,190649.6262623064678
1914,0.00000000000000000000
3040,0.00000000000000000000
2053,473133.9661531062691
2086,376960.1791970511303
2079,15126.5220204892314
2128,73772.3289845051300
2152,4238.1303561777083657
2159,35433.0810561058304
2609,0.00000000000000000000
2222,28858.6990479766516
2232,821.6683267701848311
2389,1977.2010100180306521
2394,263.1373786012094331
2076,0.00000000000000000000
2412,4295.3744845877501073
2476,18153.6996856926385
3704,57284.041332304300
3915,27924.281399702278
2519,32592.580407839289
1093,0.00000000000000000000
1023,2432.1595395417674273
2527,0.00000000000000000000
2689,0.00000000000000000000
2718,6123.3087364852831293
2720,0.00000000000000000000
2789,33.0821645141013039
2517,0.00000000000000000000
3936,0.00000000000000000000
2840,0.00000000000000000000
2869,0.00000000000000000000
3226,0.00000000000000000000
2975,26532.253026999578
3157,1173.1330012665389885
2872,0.00000000000000000000
3230,13523.815680398137
3906,10670.3277025718471
3514,10542.235541863312
3729,7155.9583519015122176
3611,0.00000000000000000000
3655,148.5932672433588986
3665,8531.8894183435898012
3703,173097.684780788622
3739,10860.7089224305641
3923,0.00000000000000000000
3742,31376.645672778154
3757,5350.8136020436047114
3927,11135.851148299771
3782,8788.7363467063817971
3810,3289.5903055786957699
3851,0.00000000000000000000
3960,0.00000000000000000000
7,111566.7287981505026
2426,0.00000000000000000000
3869,0.00000000000000000000
943,0.63161012741818823911
91,6260.9565619650571236
349,0.00000000000000000000
96,0.00000000000000000000
105,9929.5225369109505765
27,1831.8321774542303715
102,4.2748305998472637
1031,26813.793484691452
217,0.00000000000000000000
150,98724.8340133921904
164,86606.8977915832376
168,195022.4149306461921
959,0.00000000000000000000
179,23014.3351758372515
236,6265.4014015514471345
967,99349.122549095158
240,715.3144564541235291
265,4434.2646375514679720
299,13367.9317563280782
2773,0.00000000000000000000
329,9492.8358943673227378
355,10360.7610608261864
403,61560.7612743799568
70,31205.21705653916632
463,163.8370445415885854
484,0.00000000000000000000
743,0.00000000000000000000
500,305997.1810231106170
539,252.5989589317941547
2608,0.00000000000000000000
3721,0.00000000000000000000
662,9847.3613116242209439
654,6445.7149670620725548
679,146539.5359375577227
1033,140183.3923116850758
914,1540.7322061145406784
733,5406736.3579764410010
741,70764.759638839299
1019,0.00000000000000000000
3220,0.00000000000000000000
820,690.5692237899607309
759,92.0129580354403138
760,1428.2080601649861288
37,169748.1376740380940
765,16601.703720170222
768,5803.5606110043981357
817,0.00000000000000000000
821,331.4705460064971924
868,0.00000000000000000000
895,63004.8169092280936
897,2497.0347000631319225
919,785.0189293700644226
2498,0.00000000000000000000
248,1497010.4648781985559
258,9053.1823195690050436
261,75338.5936299283097
1166,11601.2626778613673
1187,997.7255196207664552
1226,38161.1716728841475
1230,58390.013713656335
2510,0.00000000000000000000
1303,116003.2134057953228
1318,1492.7190903081478230
1337,0.00000000000000000000
3929,5174.5384966366285940
1375,3426.7732651981690485
1442,116325.1104689604327
1469,2234.1708419624468731
1522,0.00000000000000000000
1619,40467.2536415396761
1673,166.6633903128568430
1678,10108.9174623665263
1746,14056.9808617470223
1782,221713.6482731192601
1784,98232.6729562411314
2885,0.00000000000000000000
1821,0.00000000000000000000
2099,94.5338510356631633
1898,28321.1870257895760
1932,0.00000000000000000000
1946,0.00000000000000000000
2224,79548.8531023382600
1965,1928.5059470880427260
1969,10243.267740435357
1974,1350.3173268905804024
2058,70561.2798709969790
2110,0.00000000000000000000
2084,529.2814896960038721
2130,440544.0830925759422
2141,0.00000000000000000000
2138,4547.1584163532618465
2212,472202.2343895445596
2209,70820.1175109716778
2233,39583.130262270159
2287,29276.5535756412089
2418,3051.8788272385202432
2422,0.00000000000000000000
2616,0.00000000000000000000
2474,355.1583347842101707
2618,1827.2606843082164535
2520,0.00000000000000000000
2602,0.00000000000000000000
2612,0.00000000000000000000
398,544088.8343266320913
2678,14396.1065463821007
2681,0.00000000000000000000
3043,4135.3629697159111135
2752,19720.039571784308
2790,0.00000000000000000000
2806,4984.5667804380300723
2839,811.0092343275116392
2972,13962.1817029959562
48,183273.8810265945858
3051,19735.8080487677382
3060,47548.2071377209216
3648,0.00000000000000000000
1320,19027.1630481117544
3063,165.9449280655441317
3374,0.00000000000000000000
3441,7410.3509520385780903
3515,0.00000000000000000000
3579,13098.6177238445234
2845,0.00000000000000000000
3714,0.00000000000000000000
3719,0.00000000000000000000
3972,18765.3862178323248
3728,28937.364684973526
3737,0.00000000000000000000
3755,170139.891715946524
3896,3275.2857250123346477
3809,143257.506925713718
196,0.00000000000000000000
3820,3030260.743650767929
3878,2920.2682477827890893
49,186508.6634811097028
3894,3778.7304177618219434
3902,4742.4992284403745691
3,112486.8749556013566
14,4087.7507857416079186
19,0.00000000000000000000
2261,0.00000000000000000000
2407,1974.3293116177795589
41,79219.7696386657425
208,0.00000000000000000000
1391,0.00000000000000000000
1345,0.00000000000000000000
153,4229.8545605609006644
220,388646.0248306705139
175,4912.6725273014525563
176,0.00000000000000000000
189,7157.2005347700858380
187,176.4404134743058264
212,0.00000000000000000000
314,649.3999732829885011
307,49355.4337759908961
311,34581.8923302759047
1039,34794.7296143581682
345,493.5511970330389676
357,0.00000000000000000000
358,0.00000000000000000000
360,53384.4315474596403
362,227680.1042049777603
401,31292.6045984816625
1045,240.9295559507160818
472,0.00000000000000000000
1044,319.9799131262849593
480,3945.3825305792615357
1179,0.00000000000000000000
1246,31.9169793907694279
509,3706.0971761972391631
1159,192.5884228927819907
1346,0.00000000000000000000
544,2472.5033980660483074
952,4837.0055499721849557
598,123967.2183095275850
1314,37015.4310428601036
58,3940.8497978444395642
615,0.00000000000000000000
1939,155761.5524834215029
617,35549.7735284253193
667,0.00000000000000000000
945,39670.780162769007
1245,0.00000000000000000000
739,78531.6600444585636
1173,96681.5587898752295
1683,0.00000000000000000000
891,15134.8886888593784
60,0.00000000000000000000
890,6617.0357916517572667
247,2274084.8107592306391
1250,0.00000000000000000000
907,4.6289769157237458
1464,19136.9577537625358
906,7945.0242219900835651
1098,0.00000000000000000000
2617,3086.0760403804793052
1180,0.00000000000000000000
1339,15060.7210021061422
1441,32077.7516048837369
942,17210.3618271706996
1474,0.00000000000000000000
1488,24767.6423976773115
1761,166195.1096224453888
600,306315.9099832928886
1595,2295581.5219123998488
1623,310817.1924699838289
2254,214964.6456693979202
725,0.00000000000000000000
1671,22568.9860196676128
1741,7191.0048212526968068
1740,0.00000000000000000000
2139,4828.5881180538277000
1902,1513.9126587439319122
2103,0.00000000000000000000
2102,0.00000000000000000000
249,4472356.3877829422703
2768,503075.747984867887
2781,0.00000000000000000000
2874,9523.2782249590309151
2802,0.00000000000000000000
2843,0.00000000000000000000
3770,119481.814246511129
3798,23987.0876387965595
3847,1857.7178814193674850
3965,1599.2377840798600356
106,7344.5308125113185473
1207,289199.3188169597724
172,244657.287717981363
214,0.00000000000000000000
293,17369.0110443895972
292,370100.427024406893
972,0.00000000000000000000
1161,7136.3945613341865219
383,69.4201654951896779
384,2835.6062230178745221
408,30287.5479994802199
411,207153.0132238115865
57,0.00000000000000000000
471,4954.1947832097925961
460,8705.0907845506385071
462,22135.8993016672440
469,63110.3699874031675
1603,0.00000000000000000000
955,0.00000000000000000000
536,0.00000000000000000000
616,43967.3538875092828
620,541.1574439564954859
1177,36843.1287519572814
622,3.0744403975355831
1383,0.00000000000000000000
1645,0.00000000000000000000
661,0.00000000000000000000
676,74334.8600498029803
755,0.00000000000000000000
805,0.00000000000000000000
815,0.00000000000000000000
808,12220.387096761865
633,0.00000000000000000000
901,11169.5230178539755
905,65.0960368729820300
1053,4303.7547215401455440
1066,1002.0080914833673255
1097,21.3171190633270169
1112,0.00000000000000000000
1457,48036.3064402936571
1106,564.6380717873994095
737,433361.887943500452
2087,0.00000000000000000000
2088,73097.12547776386112
1319,17264.6414922285558
2591,81403.3457331141302
2251,0.00000000000000000000
1365,2544.1470411694613904
1775,72837.3925309936950
1362,36190.409175240654
1368,40146.4226910061444
3129,0.00000000000000000000
3674,0.00000000000000000000
1773,9509.1311225314701055
1781,108535.4811517598253
1796,1104.7154603470093352
1822,1801.9460649145663153
1825,0.00000000000000000000
1838,8751.0963317031421338
2576,0.00000000000000000000
1888,0.00000000000000000000
1907,18088.6103056572978
1925,1384975.3496153821313
1967,23176.2410222358330
2129,243934.032089386831
2154,6195.6821463239704683
2136,706.2485304091991640
2221,177061.7747130018416
2227,10483.9670031526535
2234,0.00000000000000000000
36,0.00000000000000000000
2286,0.00000000000000000000
2496,0.00000000000000000000
2459,50.0391499166178106
3656,0.00000000000000000000
3537,1486.9222691300455640
2710,4978.6986499289210640
2782,3057.2346465597113975
2784,78.3117060398811357
2803,18099.1422580581582
3440,2146.8541945134813184
2881,0.00000000000000000000
2883,0.00000000000000000000
3057,33878.6562125888665
3224,0.00000000000000000000
3053,9878.6294342617965066
3303,7067.8442455176921740
1461,30828.9212768825834
3582,0.00000000000000000000
3650,2310.5961948718164297
3642,8879.1096871725040002
3644,8311.3105764382875416
3698,2657.6041050128865577
3725,0.00000000000000000000
3738,1192.0406695297383222
3784,6142.9205212191908727
3985,380.1144356930767014
3797,2160.5920841420299366
2550,0.00000000000000000000
3833,188.6431138652026330
3905,7443.2461960465985774
3940,0.00000000000000000000
1,216061.7599733635833
1537,529.3575700139799588
93,6238.1929502191979984
218,0.00000000000000000000
1931,20501.5788413956433
112,0.00000000000000000000
184,0.00000000000000000000
188,32.9236154010843938
308,35290.5720636499328
334,16084.5233666527998
1212,0.00000000000000000000
343,29580.372972290580
2095,6134735.8160682327799
338,549.3159890472801362
1323,73838.2519684872886
1382,46889.8918559610105
483,10837.333800827648
1489,47949.4000066182891
545,0.00000000000000000000
752,0.00000000000000000000
956,0.00000000000000000000
1473,16200.0401858474892
542,4264.0006243404979370
546,72069.949672046994
597,58621.805921135498
674,7576.5497342808161138
1646,0.00000000000000000000
630,27795.9678940989523
773,0.00000000000000000000
3586,2483.8811918635095423
809,2700.1364932259910169
872,0.00000000000000000000
915,1148.6248886304925238
260,15946.7324340609736
1055,234050.9730018285220
1056,33633.6967342843113
1169,255241.8346974203283
3130,0.00000000000000000000
1188,18215.1111952354739
1758,1749.9308857519311260
1189,4936.4293395222820831
1237,7035.9258274575327226
1312,0.00000000000000000000
1341,0.00000000000000000000
1348,0.00000000000000000000
1392,828.1332122171430200
1465,173758.8128037241877
3585,0.00000000000000000000
1471,63131.5265713661389
1482,6237990.9249360589013
2228,154114.0425510425561
1525,0.00000000000000000000
1640,96134.6529803182333
1516,12444.8535493892138
1942,25469.131389692299
1591,16413.4598030056857
1615,0.00000000000000000000
1975,9858.6873637761947655
2964,0.00000000000000000000
1745,10267.8404878702278
1830,0.00000000000000000000
1893,31297.622104954875
1930,42478.9242560805238
1970,274148.393730866196
1988,272.6565608865316057
1991,4538.2590081768255914
2072,19425.4543278947795
2406,0.00000000000000000000
2868,8050.6817643632355975
2078,238.0097489183756813
2155,0.00000000000000000000
2515,0.00000000000000000000
2218,14041.0082573995667
2207,15345.8963295207764
2217,0.00000000000000000000
2501,0.00000000000000000000
2614,24503.1282159406763
2664,8745.4079719347367096
2682,0.00000000000000000000
2707,0.00000000000000000000
2788,18630.3909073253762
2757,0.00000000000000000000
3036,0.00000000000000000000
2971,6426.6378417195508248
3132,0.00000000000000000000
3218,11460.6594136443130
2887,0.00000000000000000000
3310,0.00000000000000000000
3371,3943.7664367938637084
3373,0.00000000000000000000
3504,0.00000000000000000000
3594,0.00000000000000000000
3436,0.00000000000000000000
1294,314840.6927377787339
3507,0.00000000000000000000
3589,10723.3498461163563
3578,6459.1398283465124552
3597,29226.4789721987668
3646,23806.8465473687022
3661,2277.0514119671476465
391,0.00000000000000000000
72,0.00000000000000000000
3882,0.00000000000000000000
3727,20652.107688155169
3743,41861.5258806699272
3874,348459.6170182942856
392,11619.8562626263482
3895,9735.5169402929142605
3920,7212.3340695681225417
3925,4117.1446716543587129
8,73370.1699649409196
34,13225.503367336500
89,5836.4980804745334553
90,0.00000000000000000000
1251,0.00000000000000000000
180,0.00000000000000000000
182,1969.1506219318997664
190,4126.7472053406912789
1380,0.00000000000000000000
309,107912.3647332924141
321,0.00000000000000000000
1377,13185.0329262191031
352,94.3897246092081505
447,0.00000000000000000000
529,11883.739530939039
2493,0.00000000000000000000
549,62395.903850024630
964,213022.9104162099153
660,35775.317618811479
965,117202.3535632263492
732,86143.2017980857938
1020,62272.0508629615662
3654,143.7667523079974161
1024,26762.3670191109178
807,0.00000000000000000000
867,17479.7019085274640
1025,722.0237320102449613
201,123817.1704075255802
1386,2703.1257980653812679
877,93407.3715137613434
878,100576.5369837253654
894,26373.1552817858214
898,4582.5131751249298638
957,0.00000000000000000000
244,0.00000000000000000000
3590,6132.1074638072805501
1769,0.00000000000000000000
950,0.00000000000000000000
1109,181734.0116420904459
1228,57591.3758628732513
1236,8455.5835766293729235
1304,43422.0815413449508
1330,20082.790852409409
1371,0.00000000000000000000
39,183264.5699813000201
1369,0.00000000000000000000
1439,8777.6264393789329211
1467,50754.5028305815261
1481,145154.4561185888713
1064,0.00000000000000000000
1748,203584.6082634022021
1523,0.00000000000000000000
2231,434856.4335366613840
1524,0.00000000000000000000
1520,1159.5439706469194141
1605,0.00000000000000000000
1677,0.00000000000000000000
1599,32281.208522034984
1638,648.3565702969989336
2243,37.7479714346997909
1622,143277.9592271136509
1625,45212.9748935575445
1674,22051.2863861888022
59,5321.4616771189247209
1667,8196.1832093602107684
2596,0.00000000000000000000
1691,5005.2731542924546067
1692,4583.2542737720851329
2264,113654.8882365983340
1826,0.00000000000000000000
1906,148302.6536624611626
1901,0.00000000000000000000
1924,228593.8424195678897
1985,8982.7811235900100647
2063,96414.9550323957305
2048,1035.8859945043193802
2051,0.00000000000000000000
2108,0.00000000000000000000
2132,19317.015036099921
2134,32772.8888676509561
2297,0.00000000000000000000
2502,0.00000000000000000000
2205,99989.013771870124
2296,61304.1325292209692
2302,135239.7548768378893
2294,74865.9394775775941
2615,10252.668463767421
2623,114.0517913734199739
2691,0.00000000000000000000
2723,4575.6597005365830603
2842,460.7274948150932154
2891,0.00000000000000000000
3710,1467.1039892220316545
3133,0.00000000000000000000
3143,132823.8273147339111
3645,4990.4963960243155042
3295,18813.7048072616210
3297,99192.429919392969
3368,0.00000000000000000000
3369,3392.7369775655555955
3573,3024.6195181732816838
3659,0.00000000000000000000
3672,0.00000000000000000000
3758,70828.259708134898
3760,11642.015224907153
3691,0.00000000000000000000
3730,0.00000000000000000000
3705,24658.6382784806600
2968,0.00000000000000000000
3771,32532.5222458076656
3773,371050.0694168837011
3824,10223.644322090984
3785,1674002.785717090014
3802,1820.7155608287332775
3852,2405.4418297375540595
3879,0.00000000000000000000
3964,0.00000000000000000000
874,77154.2553420211400
3974,61.2015489079916850
3945,0.00000000000000000000
3975,0.00000000000000000000
2,216110.0980493291749
3056,15549.9042746699816
605,28869.9727590122701
3823,9295.8918911929573734
44,0.00000000000000000000
147,25302.5388377006305
68,0.00000000000000000000
941,485.7749290911226343
92,15108.899593824217
339,10248532.6519205287458
99,39880.019632677954
111,3921.2943747590650789
166,142181.8608374335982
183,7359.0344046450544694
206,10193.29179797326463
264,48000.5175437500896
211,6043.8019546083888689
312,36384.8512193459815
1035,13154.7620433517744
325,2162.0232465992855658
1751,46326.7620777315073
390,0.00000000000000000000
1165,16383.4341044756991
3136,0.00000000000000000000
496,3694.3633092761645824
521,94970.3396589076453
2253,0.00000000000000000000
1060,791741.3728090071651
953,0.00000000000000000000
1675,42175.2076121336673
742,191857.6556788451588
530,629.5789636950102856
537,61537.9230401947447
591,399346.1194728752946
603,17102.3196480628472
653,13404.091717293525
958,66783.0420544481582
657,0.00000000000000000000
668,0.00000000000000000000
963,44757.0950347255234
748,0.00000000000000000000
794,4316.4326541921819369
814,0.00000000000000000000
803,3513.8005526396330275
879,129085.621099678672
1374,25729.2679933720234
896,3036.2560465185728822
1016,10356.7614520402577
1089,31525.388716982888
1170,189578.0470480106087
1229,161591.322525911925
1213,0.00000000000000000000
1296,186656.7556551565256
1333,6762.2615971408795165
1233,2297.9030548461955404
1240,0.00000000000000000000
1242,984.9756108121538366
1322,9832.8602703875888739
1389,0.00000000000000000000
1478,1594726.2527626947547
1494,1702.7718715327681410
1528,5472.4506201643411757
1910,0.00000000000000000000
1905,600.1009373353386858
1606,53333.6816310337694
1624,379.9504659328390358
1617,19959.801676316161
3584,198.8204161034480246
1669,27984.3009144679726
2506,2068.1540389651987281
3047,0.00000000000000000000
1685,6445.8933080330403596
1783,540608.3993921269682
1800,835.8381511755477040
2265,0.00000000000000000000
1820,26111.6753987061181
1823,0.00000000000000000000
1978,481.1285858001644937
1966,53957.146382190475
1979,0.00000000000000000000
1981,0.00000000000000000000
2404,0.00000000000000000000
2604,0.00000000000000000000
2148,0.00000000000000000000
2150,3709.5763570506973151
2300,0.00000000000000000000
2587,0.00000000000000000000
2970,7137.3923394677366124
2663,844.2630200401281661
2693,4698.9296283000459494
2667,0.00000000000000000000
2669,0.00000000000000000000
2686,0.00000000000000000000
2687,977.3438500773038848
2708,560301.092998268995
2753,71910.2560208205261
2756,10317.0291859414471
2892,198.1776248520900664
3054,4735.3552099511535834
3138,0.00000000000000000000
3135,0.00000000000000000000
3146,22928.3560786750678
3228,11415.3643061139192
3222,6345.0973797124258688
726,0.00000000000000000000
3370,16119.4460205521322
3323,0.00000000000000000000
3437,242010.785254330264
3442,0.00000000000000000000
1378,372.3953651758228297
3574,0.00000000000000000000
3576,11830.0546762418772
3652,95582.336650230764
3692,89.6166418436770371
3726,21655.0912346359462
3759,11343.3705791329644
3943,4183.8778949639543963
3881,12.3571547171708777
3903,0.00000000000000000000
3926,0.00000000000000000000
17,0.00000000000000000000
490,281.1495768971918822
3137,0.00000000000000000000
2259,1684.1984602531133683
2267,14462.49239776582715
3718,0.00000000000000000000
197,541.4837192802532375
354,0.00000000000000000000
67,7003136.1572104032722
31,0.00000000000000000000
177,5152.6417567926337267
195,12729.79996638175670
199,2572.1103923497316983
1788,0.00000000000000000000
291,717725.1539975885368
323,0.00000000000000000000
1038,144216.5313662884695
340,4624.2813546862113033
341,0.00000000000000000000
347,4462.6823936177785510
353,3297841.5121641788419
380,0.00000000000000000000
385,520.8473149312391695
389,14488.6192717460582
402,3371.6802054781808042
405,19525.3606131823086
442,29579.135431087957
459,91321.2770120957021
1394,23915.6767525452750
1497,0.00000000000000000000
479,0.00000000000000000000
2106,20940.8007354089928
596,261368.9965396979577
2145,0.00000000000000000000
601,205604.2193954693970
1385,0.00000000000000000000
2208,55394.7849883018854
621,0.00000000000000000000
1384,8152.6481675569843784
658,16673.428696633080
671,0.00000000000000000000
2588,0.00000000000000000000
767,0.00000000000000000000
1476,52895.2465886840503
656,1550.6164428351555757
681,15520.5823310500736
750,0.00000000000000000000
948,42398.3007834155739
864,32972.7164399824341
869,14831.9691503789117
2094,0.00000000000000000000
3826,0.00000000000000000000
951,1435.6202122299441709
1099,9232.7966495503533414
1308,0.00000000000000000000
1197,6714.6382121687302389
1472,4596.2562490824404612
1199,3820.7094845622696897
1332,7030.0750175505186315
1370,989.4669716066467358
1449,22763.1730937691852
1388,18601.264341444114
1479,1336567.0761738339792
1676,1614.7064108119596325
1695,4013.0070740822417302
1780,271745.4116935299719
1786,228322.8666309553675
1795,1597.2410863231348754
1816,472.8491633974426829
1818,98842.2532680274401
1831,795.3800538941728333
1842,54526.3412876548029
1837,0.00000000000000000000
1894,4927.1077258336409685
1037,28427.512688215489
54,0.00000000000000000000
1896,23742.4476246669254
1913,0.00000000000000000000
1921,0.00000000000000000000
1919,0.00000000000000000000
2298,0.00000000000000000000
1943,0.00000000000000000000
961,0.00000000000000000000
1972,12063.4441560300528
1976,0.00000000000000000000
1986,0.00000000000000000000
2046,0.00000000000000000000
22,1967.6111502142516793
2750,5850.0446674584689767
2798,0.00000000000000000000
2967,0.00000000000000000000
2195,0.00000000000000000000
2401,0.00000000000000000000
2613,0.00000000000000000000
2666,0.00000000000000000000
2890,736.0015233450637334
3223,0.00000000000000000000
2956,28969.1072276201525
3149,47072.5424309077719
3055,38654.238327342822
3049,0.00000000000000000000
3131,0.00000000000000000000
3141,28337.9633634784443
3150,0.00000000000000000000
3376,2817.6186074443117508
3438,0.00000000000000000000
3444,6486.3251927469575835
3693,0.00000000000000000000
3696,0.00000000000000000000
3699,30474.251953162293
3857,6867.7123687163251770
3803,5334.5011616110166964
3841,37628.6232419534960
3848,26239.3200490674312
3855,0.00000000000000000000
3914,3843.0567451668748129
3899,0.00000000000000000000
728,5092.9274444253921788
3913,0.00000000000000000000
3918,8435.6697314760853467
3922,713.8853083893113420
3968,5696.9352528775503364
12,182059.8989596582631
1632,1423.8098862118737619
2396,0.00000000000000000000
1532,34351.9749767943036
2263,1346222.6391190144731
209,13699577.0445982206519
32,0.00000000000000000000
87,7621.1178852168208429
97,298190.0282190971730
1344,0.00000000000000000000
104,18651.3519268555729
101,15099.3405803996937
213,0.00000000000000000000
193,0.00000000000000000000
235,0.00000000000000000000
328,0.00000000000000000000
333,6942.6814939150301192
351,0.00000000000000000000
893,13448.9322347178301
373,16236.1421003679621
404,56760.6636591086227
451,0.00000000000000000000
473,0.00000000000000000000
482,0.00000000000000000000
523,356124.2441194218149
526,933047.7879751370178
547,27313.1960880089939
602,319389.5358252534331
606,25553.9914566956974
813,0.00000000000000000000
618,0.00000000000000000000
634,7.5353144963803955
1342,0.00000000000000000000
731,102201.4081331927234
628,16662.4861000158778
954,400.3240729919998193
1172,41953.6588105182971
685,579430.698539836428
819,8699.6036892862935448
801,0.00000000000000000000
1452,37814.2667270253092
880,222459.0562342389121
889,13296.016517485722
253,39978.0239370472886
1048,26904.961579710209
1052,10348.5512323130850
1630,144601.4824719515795
2415,979.3215250836749163
1231,123531.2267039308344
1311,566105.6982772094488
1309,136543.2872117451148
1393,0.00000000000000000000
2771,0.00000000000000000000
1381,73.9276907260054994
1454,0.00000000000000000000
1483,21366.5823799407667
1484,718693.6942921457611
1668,40770.1800153950026
1513,1759.9911066542765399
1538,130324.5873049727575
1608,0.00000000000000000000
1610,13403.9898260386163
1616,0.00000000000000000000
1755,0.00000000000000000000
1743,60714.7202053506877
2402,0.00000000000000000000
466,200487.9926471900669
1764,19594.2522943294868
1768,8173.4239529981905240
2391,0.00000000000000000000
1984,0.00000000000000000000
1815,4311659.2877628723887
1892,7383.0040739468202632
1890,44211.3036920822205
1911,244.7634684938431097
1917,16384.6706578406032
1920,10462.1697945305038
2214,60780.6349634611905
2045,4534.2478249469315477
2050,0.00000000000000000000
2289,0.00000000000000000000
2049,0.00000000000000000000
2075,5587.8698303630177631
2156,17325.0771931534050
3041,0.00000000000000000000
2619,3712.9059606305219923
2235,92.4443819777501473
2249,78816.0492709281079
2308,0.00000000000000000000
2393,0.00000000000000000000
3772,214110.0686952248913
2490,1260.5590420493230676
2531,12678.1496386310867
2598,116.4698896827397360
2600,257.7552995844000399
2749,0.00000000000000000000
2870,43842.6408672000785
3221,194.1121650437676939
3365,0.00000000000000000000
3502,0.00000000000000000000
3509,1140.9313818898796185
3581,0.00000000000000000000
3601,1832.9331417004576953
3669,1569.1725265841577763
3670,2060.4593727406836127
3720,0.00000000000000000000
3701,141331.4355842080502
3788,5112850.6098661942673
3970,0.00000000000000000000
3959,55243.7699314919101
3828,0.00000000000000000000
3846,0.00000000000000000000
3512,0.00000000000000000000
3871,6468642.774847612055
476,122.4394999573397770
3858,4658.3332239026976085
3928,34568.9170137262489
3892,784154.6554981135092
3973,2068.1278884216781522
173,24969.6592735694072
3898,0.00000000000000000000
3937,0.00000000000000000000
3947,25822.163277118901
3957,1448.1864026077619149
3963,0.00000000000000000000
262,33186.2821318845691
2257,0.00000000000000000000
207,1582.6495358406395762
203,43073.118152177263
1682,0.00000000000000000000
242,37483.0339693526055
1750,148244.6082767237929
1110,11559.8231788669874
461,9804.6454291482191617
2225,3836.2415247191178518
738,212366.884799891480
485,11854.8443579919017
493,140463.8395498487666
499,1127.3472140928236924
510,0.00000000000000000000
532,4582.0134659781632355
730,113930.0048561661132
538,537893.7804288260495
608,57057.6835830126055
611,5433.1448986749239953
613,26444.6395677531618
664,1071.5522172545444987
771,0.00000000000000000000
1174,420277.5794641762659
1490,1170.1934889607279471
795,12093.1891016359403
2511,74.4637537903328065
796,0.00000000000000000000
871,8655.5690417963298700
754,6692.9373250734076584
2113,756.0964257915594110
790,4508.2423641474990507
792,119089.7573930005026
294,6284.8102667760650557
1059,9499.1555688249867300
1062,0.00000000000000000000
1105,332.5289480938700575
1096,65065.644036522930
1167,142241.9859970518108
3059,10882.6512234587525
1626,242851.5257697718822
1316,23761.3595540209362
1512,0.00000000000000000000
1899,229747.7639586537941
1204,133813.918394301163
2966,43576.4895323788544
1302,102323.8834451948157
1299,69453.3406396297328
1446,183.7816417858573654
1514,20962.9767897832851
2701,0.00000000000000000000
1533,23722.7700982626190
1596,10.0497388425673235
1772,0.00000000000000000000
2787,55363.7742539242225
1923,96846.7831988767020
1670,0.00000000000000000000
2791,0.00000000000000000000
1693,0.00000000000000000000
3593,7047.0745205990874644
1739,103897.2617716516959
3523,12486.3125459887053
1840,5577.0829320775652255
2808,30452.7626910906298
1835,20962.407817888086
1935,0.00000000000000000000
1936,0.00000000000000000000
1947,0.00000000000000000000
1968,0.00000000000000000000
2508,0.00000000000000000000
2801,0.00000000000000000000
2060,53499.6904692132132
2082,29502.6770657168910
2135,165.7694609528854862
2158,9490.0989584160525453
2509,0.00000000000000000000
3587,247.0472706254838962
2236,2596.7580409200878018
2295,176.8923637911270363
2403,1834.0843460368704238
2586,198.4178949089053417
2525,12754.8404048290903
2529,0.00000000000000000000
2786,19064.941047469690
2575,3452.2686759079601314
2599,14429.2675200592094
2607,0.00000000000000000000
2694,0.00000000000000000000
2705,9449.9182319991727418
38,85285.5007226205320
2846,0.00000000000000000000
2889,5881.6466388156941541
2955,367.7866695198161585
3152,0.00000000000000000000
3153,2779.3479782719694609
3501,28849.414411709649
3694,9807.2668951597294500
3867,65943.4158848263521
3702,622.6600524525636028
3850,222104.1185687002927
3768,22950.7526438823426
772,58307.862121494513
3799,949.2956311101972058
3786,169739.1920463246173
1493,270601.6762080596252
3830,166.4787664194071098
4,146136.0664739076126
221,0.00000000000000000000
3930,6231.6931929240952428
18,0.00000000000000000000
1648,16531.44565827368830
202,26332754.5457502153109
2260,0.00000000000000000000
876,218610.2312960974284
2494,10482.7798380479601
3519,0.00000000000000000000
917,0.00000000000000000000
25,168.5680480187278662
47,648218.0438895959311
595,250831.4888893290890
940,1422.5073385150170732
109,49.0104966407635485
113,0.00000000000000000000
161,206938.606226520907
511,335739.15592655277410
378,234463.057558175816
1650,0.00000000000000000000
449,5966.4254668541387494
468,32117.375315521403
477,24.5103673979213110
1051,0.01982050871023221871
524,130842.5847390712338
822,0.00000000000000000000
1164,50391.410918642910
528,3200.9097990326381779
636,7927.0036818380829623
1171,69795.7865512009443
1689,115698.7638804264012
481,0.00000000000000000000
489,11223.1218016534864
3301,0.00000000000000000000
670,0.00000000000000000000
740,73709.5020008722326
757,3766.6803856971935681
663,5237.5615756549740407
3140,41939.5351131295299
865,3672.0505356398533947
683,1700.3366503414640586
1021,8670.4320883956532157
1022,6161.0764735280275111
816,0.00000000000000000000
1026,5803.1528012333271030
892,24442.3901757770495
899,110.4865951502028003
962,7168.5074229661193987
911,0.00000000000000000000
535,2965.4216173435120778
1088,76557.1967816672293
1163,19285.2243806073916
1070,147.3875341259174898
1100,2014.7162556780601252
1102,0.00000000000000000000
1113,0.00000000000000000000
1181,260792.5580348156939
1185,886.7287107405530878
1306,19090.0872411436734
1190,7650.2951220621589580
1209,0.00000000000000000000
1244,9334.5194082737705279
1372,5221.2711690507469474
1379,3262.2319006130092353
1440,37830.560094322090
1634,0.00000000000000000000
1453,24849.8618172099993
1458,113237.7443310121983
1535,164.5493256778563485
1534,31583.1831647374252
2505,0.00000000000000000000
1611,10243.5465729509882
1618,0.00000000000000000000
1635,0.00000000000000000000
1665,38157.2116498740288
1688,10145.4900665908836
1752,0.00000000000000000000
1757,902.7330195099035865
1776,1049735.6357694972189
1785,243700.4375907945937
1827,5883.8103371404589257
2492,397422.5227746384896
1832,0.00000000000000000000
1909,24184.357100665276
2592,1740.0570451822723873
1897,18886.1519275595880
2499,0.00000000000000000000
1915,7586.2315190491264365
1918,0.00000000000000000000
1934,97715.777172195467
2061,76817.120670537083
2876,0.00000000000000000000
2137,0.00000000000000000000
2219,301.2665962407404695
2252,160747.0611488204344
2310,0.00000000000000000000
2293,13237.0166461470761
2421,0.00000000000000000000
2288,66754.918084177810
2503,357887.5527087900546
2838,6535.2445495042763807
2841,0.00000000000000000000
2867,0.00000000000000000000
2893,1071245.7347975546769
3443,0.00000000000000000000
3521,2709.2264102217524352
770,217558.1180218876175
2960,1223.4043949271569627
3144,59130.0372428370300
3298,0.00000000000000000000
3316,0.00000000000000000000
3372,0.00000000000000000000
3571,0.00000000000000000000
3789,160240.892635669024
3647,503.3166787447019564
3673,0.00000000000000000000
3700,102051.2650173760629
3761,33098.8995791735834
3845,0.00000000000000000000
3787,35251.569186574335
3800,55775.0108339912716
3825,42157.0071051323046
3966,0.00000000000000000000
3822,209665.411486307328
3891,208.9600015789896438
3904,0.00000000000000000000
3976,15647.8305246372355
2513,0.00000000000000000000
6,108889.8541207825769
1111,183.7352253389093113
374,10660.1097810622359
152,37629.8208770815929
503,0.00000000000000000000
397,12535.534072007870
170,80301.9046057315142
1247,252078.2906665981512
317,89697.4591201897714
326,8762.9413698498213580
1828,15648.5571155833084
327,50890.4258119777266
3302,0.00000000000000000000
331,37637.2914062202697
335,795.1671481721878256
356,34885.2047336790290
363,3298394.93338894418394
2516,0.00000000000000000000
393,13435.2035694305869
1068,0.00000000000000000000
465,2600.9078243212381565
441,0.00000000000000000000
445,3748.8020603430933873
2250,0.00000000000000000000
486,67158.6987704851268
497,0.00000000000000000000
1326,32900.0238169199561
508,0.00000000000000000000
512,0.00000000000000000000
550,2577.5877317550937240
593,111738.8571373440198
1824,8751.7581115839177896
1160,91034.9869419185332
623,0.00000000000000000000
1343,121.9864806871397036
2957,198.7378812347607504
632,6575.0559847129494505
753,32103.3304559431136
3511,252.3264657798904364
798,7871.5344743751858926
866,19758.2853520501326
903,1558.2966148492999190
1462,395786.4141808976932
1058,0.00000000000000000000
1114,0.00000000000000000000
2144,446.0615922572315235
1194,14166.5242991040786
1200,0.00000000000000000000
1765,0.00000000000000000000
1202,0.00000000000000000000
1249,0.00000000000000000000
1243,0.00000000000000000000
1801,0.00000000000000000000
1298,64380.4846564297596
1321,0.00000000000000000000
1340,0.00000000000000000000
1376,377152.7271378997250
1477,1169715.8917654491686
1496,0.00000000000000000000
1766,163.0127412757220369
1592,86506.8649793749198
1594,99249.748436850762
1613,11604.5771734215584
1744,44088.0860824880045
1774,39027.2432998640921
1799,0.00000000000000000000
1779,37053.1260306345135
1841,0.00000000000000000000
3516,0.00000000000000000000
2077,2246.1679590589938470
2348,534972.0806763886015
1912,0.00000000000000000000
1928,0.00000000000000000000
1933,499.5170498753756495
1940,32562.4648395651990
2157,0.00000000000000000000
1971,1122.7173751706507351
1990,15709.4465147147644
2147,0.00000000000000000000
2662,8385.9294200815057317
2500,462.9634002800632360
2411,0.00000000000000000000
2512,446.3821249989977207
2597,0.00000000000000000000
2702,1428.5082247097972376
2688,5906.9224937301064410
2684,4772.4033506327501177
2751,948.9596545282055230
2780,7537.1331263726550775
2812,0.00000000000000000000
3309,0.00000000000000000000
55,346237.1803569928663
3921,22172.3476708811982
3377,0.00000000000000000000
3513,0.00000000000000000000
3439,7206.5334652423544596
3592,274.6112158968030136
3588,0.00000000000000000000
3662,4381.4618266378286407
3977,0.00000000000000000000
3664,0.00000000000000000000
3713,0.00000000000000000000
3866,16.3819750160133739
3938,0.00000000000000000000
3832,0.00000000000000000000
3723,76342.686028997607
3873,178325.7169470438704
3854,4359.3749072800442462
3876,0.00000000000000000000
3827,0.00000000000000000000
3744,139226.490905389749
3756,0.00000000000000000000
3769,2223.8334577939815160
3944,0.00000000000000000000
3880,0.00000000000000000000
3939,1099.6684678795604662
3893,1236.2715019130614572
3917,0.00000000000000000000
52,0.00000000000000000000
30,0.00000000000000000000
53,84418.9562193527465
1305,38058.2257404585283
3946,0.00000000000000000000
9,170133.382661516834
11,9148.3203240031458482
64,6064.5460104128909735
43,3033.2239793728489127
1208,0.00000000000000000000
3690,0.00000000000000000000
63,1903.2244194531663480
33,0.00000000000000000000
86,2224.4118543491461698
98,0.00000000000000000000
145,0.00000000000000000000
151,258143.7086306938694
163,317850.6305535346631
531,0.00000000000000000000
263,2585.0069953610927300
185,11111.8809854199122
344,0.00000000000000000000
406,66549.5031892003661
387,0.00000000000000000000
186,1051.1852935128509790
1941,33549.9772229733923
298,0.00000000000000000000
1315,4071.9972317052830850
290,188036.187244773263
969,31706.7737313547198
336,1080.8507276592882893
337,1206.1602146341084213
1395,14933.6670395999628
1087,152704.3430779816060
443,380.0653777496142313
446,0.00000000000000000000
504,189255.0318449432014
506,3450.1961074205027801
1327,197.0709986086018226
527,7208906.575297441451
672,3192.1073311346669816
724,0.00000000000000000000
2142,9883.6434791980298902
727,4181.0618191509572941
913,0.00000000000000000000
793,54593.0518111752986
552,213869.324921081033
607,111919.582995571944
610,0.00000000000000000000
2062,45563.098099947777
886,83462.088998446075
881,330825.4981173859715
887,159306.1544972392183
902,154474.948560999932
256,4679.6527523495759371
946,9723.8314435734023353
1094,0.00000000000000000000
2410,16424.161298730649
1182,0.00000000000000000000
1193,52266.8756448978984
2793,0.00000000000000000000
1310,4275.9945959411187245
1201,0.00000000000000000000
1198,1594.8940669149610737
2400,0.00000000000000000000
1778,756709.7123722870447
1602,151735.709023762977
1334,6110.1528793994244934
1636,252.6965107975929624
1336,10771.2806323637707
1366,65.0174880244590614
1390,14908.848680026287
1456,891.4464930176363014
1485,258352.1003849823207
1639,1109.3600141181706701
1641,0.00000000000000000000
1517,4602.3560796793761193
1530,61476.370072713926
1589,0.00000000000000000000
1586,50322.3113357736029
1593,14440.2658606681544
1790,277.1967968023742593
1679,594820.0469330517542
2884,0.00000000000000000000
1760,0.00000000000000000000
1747,128583.4438745065832
2055,0.00000000000000000000
1900,0.00000000000000000000
2074,0.00000000000000000000
1977,3547.3295186069842168
1983,0.00000000000000000000
1989,10120.1471035647090
1987,2611.4709056599516395
1993,18785.4853180887099
2052,0.00000000000000000000
2239,488.8023832371026131
2304,0.00000000000000000000
2395,0.00000000000000000000
2428,0.00000000000000000000
2473,1731.5950183473475612
2799,0.00000000000000000000
2573,716.2582459293319198
2703,7369.3189427106329016
2683,0.00000000000000000000
2697,0.00000000000000000000
2709,0.00000000000000000000
2724,0.00000000000000000000
2758,0.00000000000000000000
2800,2802.8671410061506039
2844,0.00000000000000000000
2875,0.00000000000000000000
2888,0.00000000000000000000
2962,0.00000000000000000000
2898,30359.2406603588394
3037,15058.8400891142049
2974,8784.1614501752743558
3174,0.00000000000000000000
3148,17824.9378819150180
3232,0.00000000000000000000
3050,73316.096744754815
3145,0.00000000000000000000
3134,0.00000000000000000000
3151,16004.3945292356345
3296,4766.9217555255837494
3591,9081.9971174491451613
3668,0.00000000000000000000
3580,0.00000000000000000000
3517,0.00000000000000000000
3522,4140.5202544856686127
3575,0.00000000000000000000
10,145426.1498620428927
3577,0.00000000000000000000
3583,908.8191622045533150
3596,7919.3731831075192899
3969,0.00000000000000000000
3671,0.00000000000000000000
3849,287446.7292324520618
51,0.00000000000000000000
3796,0.00000000000000000000
3801,28529.9691200194951
3856,0.00000000000000000000
3868,44551.884063203217
24,160951.7729959808333
3875,7924.9494378158915025
3877,515.6260796643086935
3935,14512.068119572979
2057,20865.1535621004376
3916,2228.3502592555654621
100,10702.4289069777154
107,7069.3511943773064836
148,73074.4635773968811
1047,0.00000000000000000000
160,28257.8401157577027
210,11118351.1711342204007
238,0.00000000000000000000
310,9858.4218555752728279
3046,0.00000000000000000000
2419,958.7173150206864684
320,0.00000000000000000000
332,44017.980850954372
1620,28735.0426763456025
361,44722.0069761214092
379,82417.1771631606604
381,54.0598450067285332
394,0.00000000000000000000
498,735.5048678459146357
522,210271.7271269580029
1833,41140.6632614607952
594,147706.3339698453160
551,237052.3693065884462
1938,38452.900643315161
2068,0.00000000000000000000
735,0.00000000000000000000
614,943.7898286899885136
744,68750.1655159855852
747,0.00000000000000000000
799,16700.6645058693844
870,12105.588222895102
888,15039.3814988760813
920,0.00000000000000000000
1183,92934.2321529646255
1034,119439.138891722300
1054,75.7409043549081976
1107,200248.9594576798800
1090,2447.0252916664472653
1092,2202.9750349734703884
1168,127279.9182403956014
1631,190588.7399597696386
1387,27012.3953785815454
1447,552.4174517110120664
1232,637535.4814423563998
1349,0.00000000000000000000
1329,11944.0193272899778
1338,36415.7418553413578
2879,3066.9555116909882278
1443,6627.8738770568026306
1980,0.00000000000000000000
1470,0.00000000000000000000
1480,12993755.4200375974855
1498,0.00000000000000000000
1536,186238.4447643568718
1519,131.6694545757661298
1604,34164.0128467107437
1614,38310.8472968062077
1627,46982.5243442614358
1754,0.00000000000000000000
1916,0.00000000000000000000
1666,32846.8977939871779
1681,0.00000000000000000000
1694,8653.1923008216524122
2530,0.00000000000000000000
1817,0.00000000000000000000
1889,0.00000000000000000000
2056,0.00000000000000000000
2054,285.6085308372737094
2109,0.00000000000000000000
2143,12401.3199272063169
2151,26099.6528770199062
2215,0.00000000000000000000
2223,19472.983369937454
2882,3311.8744243313031862
2283,6485.2353928520115527
2491,6611.9633530845143484
2399,2859.8133944425789569
2392,3264.9214231492026086
2380,0.00000000000000000000
2413,0.00000000000000000000
2424,0.00000000000000000000
2601,0.00000000000000000000
2706,0.00000000000000000000
2785,13440.3282361347457
2704,7498.4792002259567949
2711,0.00000000000000000000
2954,7727.6210919783314468
2959,2486.2026844207824115
3039,0.00000000000000000000
3139,0.00000000000000000000
3227,0.00000000000000000000
3294,12304.0002265947318
3375,15419.6663790792282
3600,0.00000000000000000000
3658,0.00000000000000000000
3657,0.00000000000000000000
3689,877742.7895047914111
3697,0.00000000000000000000
3722,115601.847762859782
3740,2219.1773645681789797
3971,0.00000000000000000000
3811,472.9599651647588851
3813,12765.333577271744
3821,52390.020644468490
3831,716.0844378268678380
3941,1814.2567335895038998
3961,8354.8829536853951501
3986,6289.6351849620219425
13,422.7717282205693602
1186,0.00000000000000000000
16,0.00000000000000000000
